Company,year,Industry,Sector,lq_pay,m_pay,uq_pay
4imprint,2022,Consumer Discretionary,Media,16083,21444,29692
888 Holdings,2021,Consumer Discretionary,Travel and Leisure,63126,81693,109914
abrdn,2022,Financials,Investment Banking and Brokerage Services,48000,69000,107000
abrdn,2023,Financials,Investment Banking and Brokerage Services,54949,79370,112789
Admiral Group,2024,Financials,Non Life Insurance,29804,33925,50147
Admiral Group,2021,Financials,Non Life Insurance,25470,29881,48071
Admiral Group,2023,Financials,Non Life Insurance,27382,32050,48397
Admiral Group,2022,Financials,Non Life Insurance,26775,31144,47648
Admiral Group,2020,Financials,Non Life Insurance,27431,33015,48419
Admiral Group,2019,Financials,Non Life Insurance,24319,27980,40371
Aggreko,2020,Industrials,Support Services,34677,48927,70710
Aggreko,2019,Industrials,Support Services,34875,50513,72890
AJ Bell,2023,Financials,Financial Services,26558,33430,58796
AJ Bell,2022,Financials,Financial Services,24331,30052,51731
AJ Bell,2021,Financials,Financial Services,22823,28380,46996
AJ Bell,2020,Financials,Financial Services,22026,27511,44197
Anglo American,2024,Basic Materials,Industrial Metals and Mining,68148,113308,199626
Anglo American,2021,Basic Materials,Industrial Metals and Mining,53027,84452,150876
Anglo American,2020,Basic Materials,Industrial Metals and Mining,49805,74193,126812
Anglo American,2023,Basic Materials,Industrial Metals and Mining,60088,101277,189059
Anglo American,2022,Basic Materials,Industrial Metals and Mining,58523,98541,173168
AO World,2024,Consumer Services,General Retailers,25383,29828,40771
AO World,2021,Consumer Services,General Retailers,21114,26218,37533
Ascential,2023,Consumer Services,Media,43000,61000,90000
Ascential,2022,Consumer Services,Media,22665,41600,67410
Ascential,2021,Consumer Services,Media,20285,41197,66915
Ascential,2020,Consumer Services,Media,23275,40167,64914
Ascential,2019,Consumer Services,Media,34854,51416,77858
Ashtead,2021,Industrials,Industrial Transportation,21143,24763,28297
Ashtead,2020,Industrials,Industrial Transportation,20566,23199,32041
Ashtead,2024,Industrials,Industrial Transportation,24536,38966,48939
Ashtead,2023,Industrials,Industrial Transportation,25719,31403,53664
Ashtead,2022,Industrials,Industrial Transportation,24819,31114,35885
ASOS,2023,Consumer Discretionary,Retailer,31035,49832,77452
ASOS,2022,Consumer Discretionary,Retailer,28032,47668,71593
ASOS,2021,Consumer Discretionary,Retailer,27531,54272,75140
Associated British Foods,2021,Consumer Goods,Food Producers,19775,21888,29422
Associated British Foods,2020,Consumer Goods,Food Producers,14175,16492,24026
Associated British Foods,2024,Consumer Goods,Food Producers,25665,27709,32868
Associated British Foods,2023,Consumer Goods,Food Producers,20957,24655,31390
Associated British Foods,2022,Consumer Goods,Food Producers,20049,22078,27012
Aston Martin,2023,Industrials,Automobiles and Parts,49000,49000,49000
Aston Martin,2022,Industrials,Automobiles and Parts,44000,52000,63000
Aston Martin,2021,Industrials,Automobiles and Parts,39000,45000,55000
Aston Martin,2020,Industrials,Automobiles and Parts,37000,43000,50000
Aston Martin,2019,Industrials,Automobiles and Parts,40000,47000,57000
AstraZeneca,2019,Health Care,Pharmaceuticals and Biotechnology,51000,75000,117000
AstraZeneca,2024,Health Care,Pharmaceuticals and Biotechnology,64000,96000,144000
AstraZeneca,2021,Health Care,Pharmaceuticals and Biotechnology,58000,86000,130000
AstraZeneca,2020,Health Care,Pharmaceuticals and Biotechnology,54000,78000,119000
AstraZeneca,2023,Health Care,Pharmaceuticals and Biotechnology,62000,92000,139000
AstraZeneca,2022,Health Care,Pharmaceuticals and Biotechnology,67000,96000,143000
Auto Trader,2022,Technology,Software and Computer Services,35938,49910,70608
Auto Trader,2021,Technology,Software and Computer Services,32855,48025,67213
Auto Trader,2020,Technology,Software and Computer Services,32119,47379,65196
Auto Trader,2024,Technology,Software and Computer Services,39283,54173,78143
Auto Trader,2023,Technology,Software and Computer Services,34995,47649,70227
Aveva,2022,Technology,Software and Computer Services,48457,68250,91753
Aveva,2021,Technology,Software and Computer Services,46080,62419,82642
Aveva,2020,Technology,Software and Computer Services,45000,64000,87000
Aviva,2024,Financials,Life Insurance,34269,48229,79257
Aviva,2021,Financials,Life Insurance,29406,42836,71952
Aviva,2020,Financials,Life Insurance,27677,39773,66209
Aviva,2019,Financials,Life Insurance,27285,39134,65664
Aviva,2023,Financials,Life Insurance,32590,45882,75262
Aviva,2022,Financials,Life Insurance,30583,43603,72530
Avon Rubber,2021,Industrials,Aerospace and Defence,23987,29975,43262
Avon Rubber,2020,Industrials,Aerospace and Defence,23255,27789,44980
B&M European Value Retail,2024,Consumer Services,General Retailers,21766,21766,23444
B&M European Value Retail,2023,Consumer Services,General Retailers,19844,19844,21554
B&M European Value Retail,2022,Consumer Services,General Retailers,18612,18612,19583
B&M European Value Retail,2021,Consumer Services,General Retailers,17514,18490,18951
B&M European Value Retail,2020,Consumer Services,General Retailers,16950,16962,17589
Babcock,2024,Industrials,Aerospace and Defence,37600,44100,55800
Babcock,2023,Industrials,Aerospace and Defence,32300,39300,52800
Babcock,2022,Industrials,Aerospace and Defence,32300,41400,54700
Babcock,2021,Industrials,Aerospace and Defence,29700,39200,52000
Babcock,2020,Industrials,Aerospace and Defence,29200,37600,50600
BAE Systems,2021,Industrials,Aerospace and Defence,41286,50327,71472
BAE Systems,2020,Industrials,Aerospace and Defence,50444,59183,68487
BAE Systems,2019,Industrials,Aerospace and Defence,43873,54833,66964
BAE Systems,2024,Industrials,Aerospace and Defence,50310,63839,74612
BAE Systems,2023,Industrials,Aerospace and Defence,50923,70473,74344
BAE Systems,2022,Industrials,Aerospace and Defence,46998,65014,71679
Bakkavor,2024,Consumer Staples,Food Producers,27898,30856,34072
Bakkavor,2022,Consumer Staples,Food Producers,20317,24751,25242
Balfour Beatty,2022,Industrials,Construction & Materials,35575,50749,67777
Balfour Beatty,2021,Industrials,Construction & Materials,35055,51459,73186
Balfour Beatty,2020,Industrials,Construction & Materials,33336,47653,66553
Balfour Beatty,2019,Industrials,Construction & Materials,32170,45678,65173
Balfour Beatty,2023,Industrials,Construction & Materials,37243,53321,73057
Barclays,2021,Financials,Banks,31404,48253,85407
Barclays,2020,Financials,Banks,29380,44631,79324
Barclays,2019,Financials,Banks,27875,42362,77488
Barclays,2024,Financials,Banks,40094,57854,98224
Barclays,2023,Financials,Banks,38194,55801,95341
Barclays,2022,Financials,Banks,33711,51493,71071
"Barr, A.G.",2024,Consumer Staples,Beverages,33352,41246,58033
"Barr, A.G.",2023,Consumer Staples,Beverages,31748,39785,56521
"Barr, A.G.",2022,Consumer Staples,Beverages,30547,37654,55524
Barratt Developments,2021,Consumer Goods,Household Goods and Home Construction,33863,41210,64425
Barratt Developments,2020,Consumer Goods,Household Goods and Home Construction,31044,38674,59133
Barratt Developments,2023,Consumer Goods,Household Goods and Home Construction,38954,54158,73414
Barratt Developments,2022,Consumer Goods,Household Goods and Home Construction,35887,46429,77134
Beazley,2024,Financials,Non Life Insurance,71142,121884,191653
Beazley,2023,Financials,Non Life Insurance,75585,125067,191227
Beazley,2022,Financials,Non Life Insurance,53016,93883,142266
Beazley,2021,Financials,Non Life Insurance,51846,96347,149151
Beazley,2020,Financials,Non Life Insurance,50212,86641,133270
Beazley,2019,Financials,Non Life Insurance,52500,89500,148300
Bellway,2024,Consumer Goods,Household Goods and Home Construction,35534,51475,76381
Bellway,2023,Consumer Goods,Household Goods and Home Construction,32422,49903,74421
Bellway,2022,Consumer Goods,Household Goods and Home Construction,32148,48662,70036
Bellway,2021,Consumer Goods,Household Goods and Home Construction,29886,44864,65866
Bellway,2020,Consumer Goods,Household Goods and Home Construction,25580,40415,60675
Berkeley,2021,Consumer Goods,Household Goods and Home Construction,42176,67254,93490
Berkeley,2020,Consumer Goods,Household Goods and Home Construction,42576,64083,96049
Berkeley,2023,Consumer Goods,Household Goods and Home Construction,42471,65571,104866
Berkeley,2022,Consumer Goods,Household Goods and Home Construction,40293,73571,94820
Biffa,2022,Industrials,Support Services,20959,27048,34799
Biffa,2021,Industrials,Support Services,20611,26150,32126
Biffa,2020,Industrials,Support Services,19838,26016,32388
Big Yellow,2025,Financials,Real Estate Investment Trusts,29057,33809,47108
Big Yellow,2024,Financials,Real Estate Investment Trusts,26876,31864,47516
Big Yellow,2023,Financials,Real Estate Investment Trusts,28148,31398,48746
Big Yellow,2022,Financials,Real Estate Investment Trusts,23535,27286,38098
Big Yellow,2021,Financials,Real Estate Investment Trusts,24109,29406,46162
Big Yellow,2020,Financials,Real Estate Investment Trusts,22555,27232,40975
Bloomsnbury Publishing,2024,Consumer Discretionary,Media,32621,41911,59909
Bodycote,2023,Basic Materials,Industrial Engineering,33712,42542,61294
Bodycote,2022,Basic Materials,Industrial Engineering,30750,39361,56940
Bodycote,2021,Basic Materials,Industrial Engineering,28704,37716,55442
Bodycote,2020,Basic Materials,Industrial Engineering,27728,34859,47373
Bodycote,2019,Basic Materials,Industrial Engineering,22379,41424,74341
BP,2021,Oil and Gas,Oil and Gas Producers,21450,50959,126334
BP,2020,Oil and Gas,Oil and Gas Producers,18984,46933,98546
BP,2019,Oil and Gas,Oil and Gas Producers,19108,55071,126085
BP,2024,Oil and Gas,Oil and Gas Producers,27343,72678,143202
BP,2023,Oil and Gas,Oil and Gas Producers,25535,66822,150704
BP,2022,Oil and Gas,Oil and Gas Producers,23810,58440,146357
Breedon Group,2023,Industrials,Construction & Materials,34302,41275,52586
Brewin Dolphin Holdings,2021,Financials,Financial Services,35508,60541,105505
Brewin Dolphin Holdings,2020,Financials,Financial Services,33613,55678,100536
Brewin Dolphin Holdings,2019,Financials,Financial Services,31412,52536,100435
British American Tobacco,2024,Consumer Goods,Tobacco,63551,106536,216994
British American Tobacco,2021,Consumer Goods,Tobacco,53980,83438,202314
British American Tobacco,2020,Consumer Goods,Tobacco,49345,76702,176272
British American Tobacco,2019,Consumer Goods,Tobacco,46216,77754,183179
British American Tobacco,2023,Consumer Goods,Tobacco,53401,88731,195708
British American Tobacco,2022,Consumer Goods,Tobacco,54841,85058,217176
British Land,2024,Financials,Real Estate Investment Trusts,56971,84878,126938
British Land,2023,Financials,Real Estate Investment Trusts,52829,77980,118239
British Land,2022,Financials,Real Estate Investment Trusts,50813,74750,113761
British Land,2021,Financials,Real Estate Investment Trusts,47000,70000,101000
British Land,2020,Financials,Real Estate Investment Trusts,46830,68949,106240
Britvic,2024,Consumer Goods,Beverages,33282,52501,79504
Britvic,2023,Consumer Goods,Beverages,37042,51863,71918
Britvic,2022,Consumer Goods,Beverages,33770,45474,73529
Britvic,2021,Consumer Goods,Beverages,34132,41227,65746
Britvic,2020,Consumer Goods,Beverages,34520,38118,54327
BT,2025,Telecommunications,Telecommunications Service Providers,38000,41000,53000
BT,2022,Telecommunications,Telecommunications Service Providers,35772,40059,49488
BT,2021,Telecommunications,Telecommunications Service Providers,35569,41600,50391
BT,2020,Telecommunications,Telecommunications Service Providers,34881,42173,51351
BT,2024,Telecommunications,Telecommunications Service Providers,35794,37617,53691
BT,2023,Telecommunications,Telecommunications Service Providers,36960,40095,50999
Bunzl,2024,Industrials,General Industrials,27156,31243,45621
Bunzl,2021,Industrials,General Industrials,22549,26627,39592
Bunzl,2020,Industrials,General Industrials,21696,25517,38917
Bunzl,2019,Industrials,General Industrials,20880,24905,36718
Bunzl,2023,Industrials,General Industrials,25339,29468,43030
Bunzl,2022,Industrials,General Industrials,23375,27779,41822
Burberry,2024,Consumer Goods,Personal Goods,31000,41000,65000
Burberry,2023,Consumer Goods,Personal Goods,28000,37000,59000
Burberry,2022,Consumer Goods,Personal Goods,25000,34000,54000
Burberry,2021,Consumer Goods,Personal Goods,24000,32000,51000
Burberry,2020,Consumer Goods,Personal Goods,24000,34000,52000
BYTES TECHNOLOGY GROUP PLC,2025,Technology,Software and Computer Services,37865,57412,92633
BYTES TECHNOLOGY GROUP PLC,2024,Technology,Software and Computer Services,36385,55647,91713
BYTES TECHNOLOGY GROUP PLC,2023,Technology,Software and Computer Services,35328,53366,92590
BYTES TECHNOLOGY GROUP PLC,2022,Technology,Software and Computer Services,31287,49730,88222
C&C,2025,Consumer Goods,Beverages,28235,35056,45953
C&C,2024,Consumer Goods,Beverages,26635,32692,43429
C&C,2023,Consumer Goods,Beverages,28957,35795,47986
C&C,2022,Consumer Goods,Beverages,22275,28407,37741
C&C,2021,Consumer Goods,Beverages,21048,26611,37934
C&C,2020,Consumer Goods,Beverages,23056,28445,39749
Capita,2021,Industrials,Support Services,24386,31040,48997
Capita,2020,Industrials,Support Services,19310,26800,40371
Capita,2019,Industrials,Support Services,19147,31708,57049
Centrica,2024,Utilities,"Gas, Water and Multi-Utilities",33500,55265,61121
Centrica,2021,Utilities,"Gas, Water and Multi-Utilities",30172,36458,58333
Centrica,2020,Utilities,"Gas, Water and Multi-Utilities",31375,66933,71714
Centrica,2019,Utilities,"Gas, Water and Multi-Utilities",34882,40897,53909
Centrica,2023,Utilities,"Gas, Water and Multi-Utilities",41514,58029,68439
Centrica,2022,Utilities,"Gas, Water and Multi-Utilities",35073,57939,63705
Chemring,2023,Industrials,Aerospace and Defence,32666,50160,78732
Chemring,2022,Industrials,Aerospace and Defence,34196,49941,78523
Chemring,2021,Industrials,Aerospace and Defence,30513,46650,72113
Chemring,2020,Industrials,Aerospace and Defence,26184,41848,66096
Cineworld,2020,Consumer Services,Travel & Leisure,16832,17714,19327
Cineworld,2019,Consumer Services,Travel & Leisure,17777,18467,21074
Clarkson,2023,Industrials,Industrial Transportation,40000,76000,132000
Clarkson,2022,Industrials,Industrial Transportation,43000,75000,129000
Clarkson,2021,Industrials,Industrial Transportation,41000,71000,118000
Clarkson,2020,Industrials,Industrial Transportation,41000,70500,118041
Clarkson,2019,Industrials,Industrial Transportation,34428,60725,112569
Close Brothers,2023,Financials,Banks,36093,59000,92969
Close Brothers,2022,Financials,Banks,33571,56952,93459
Close Brothers,2021,Financials,Banks,32437,54729,89927
Close Brothers,2020,Financials,Banks,32194,54245,90029
CLS HOLDINGS,2022,Real Estate,Real Estate Investment and Services,54997,70677,112542
CLS HOLDINGS,2021,Real Estate,Real Estate Investment and Services,58157,79276,129875
CMC,2024,Financials,Financial Services,50100,80000,110700
CMC,2023,Financials,Financial Services,48600,79300,108200
CMC,2022,Financials,Financial Services,48400,79200,105500
CMC,2021,Financials,Financial Services,44200,68500,96400
CMC,2020,Financials,Financial Services,40300,62600,89700
Coats,2023,Industrials,Industrial Goods and Services,54509,90569,188989
Coats,2022,Industrials,Industrial Goods and Services,43875,81212,167562
Coats,2021,Industrials,Industrial Goods and Services,42784,64392,151070
Compass,2021,Consumer Services,Travel & Leisure,19000,23000,26000
Compass,2020,Consumer Services,Travel & Leisure,18000,21000,28000
Compass,2023,Consumer Services,travel & Leisure,23000,25000,32000
Compass,2022,Consumer Services,travel & Leisure,21000,26000,29000
Computacenter,2023,Technology,Software and Computer Services,36146,52465,83849
Computacenter,2022,Technology,Software and Computer Services,33965,49270,75077
Computacenter,2021,Technology,Software and Computer Services,35857,49353,73618
Computacenter,2020,Technology,Software and Computer Services,36862,44228,75457
Computacenter,2019,Technology,Software and Computer Services,31435,47335,67083
Convatec,2024,Health Care,Health Care and Equipment Services,43296,58123,87627
Convatec,2023,Health Care,Health Care and Equipment Services,40145,53121,82799
Convatec,2022,Health Care,Health Care and Equipment Services,34757,44418,73336
Convatec,2021,Health Care,Health Care and Equipment Services,32663,41964,71619
Convatec,2020,Health Care,Health Care and Equipment Services,33425,42641,69668
Convatec,2019,Health Care,Health Care and Equipment Services,30652,40601,65922
Countryside Partnerships,2021,Consumer Discretionary,Consumer Products and Services,37256,57803,96922
Cranswick,2024,Consumer Goods,Food Producers,30000,35000,42000
Cranswick,2023,Consumer Goods,Food Producers,28000,33000,41000
Cranswick,2022,Consumer Goods,Food Producers,25000,30000,37000
Cranswick,2021,Consumer Goods,Food Producers,26000,30000,37000
Cranswick,2020,Consumer Goods,Food Producers,24000,29000,37000
Crest Nicholson,2024,Consumer Goods,Household Goods and Home Construction,34548,68991,80829
Crest Nicholson,2023,Consumer Goods,Household Goods and Home Construction,49026,66376,78776
Crest Nicholson,2022,Consumer Goods,Household Goods and Home Construction,32062,46905,71167
Crest Nicholson,2021,Consumer Goods,Household Goods and Home Construction,31051,44930,68928
Crest Nicholson,2020,Consumer Goods,Household Goods and Home Construction,29977,43346,68121
CRH,2021,Industrials,Construction & Materials,29982,40480,52406
CRH,2020,Industrials,Construction & Materials,26926,37201,48361
CRH,2019,Industrials,Construction & Materials,28395,39594,51940
CRH,2022,Industrials,Construction & Materials,29712,39559,50699
Croda,2024,Basic Materials,Chemicals,38901,50206,60212
Croda,2021,Basic Materials,Chemicals,33654,46050,55440
Croda,2020,Basic Materials,Chemicals,31869,42252,50125
Croda,2019,Basic Materials,Chemicals,29552,38856,46113
Croda,2023,Basic Materials,Chemicals,37490,49357,61142
Croda,2022,Basic Materials,Chemicals,34287,46169,57178
Currys,2023,Consumer Discretionary,Retailer,23707,25212,32085
Currys,2022,Consumer Discretionary,Retailer,19690,22437,30317
Darktrace,2023,Technology,Software and Computer Services,41249,55146,95247
Darktrace,2022,Technology,Software and Computer Services,33387,43891,72649
Darktrace,2021,Technology,Software and Computer Services,43626,51828,79962
Dechra Pharmaceutical,2023,Health Care,Pharmaceuticals and Biotechnology,30000,41000,80000
Dechra Pharmaceutical,2021,Health Care,Pharmaceuticals and Biotechnology,25000,35000,67000
Dechra Pharmaceutical,2022,Health Care,Pharmaceuticals and Biotechnology,26000,36000,69000
Dechra Pharmaceutical,2020,Health Care,Pharmaceuticals and Biotechnology,24000,30000,57000
Diageo,2021,Consumer Goods,Beverages,47240,60093,76321
Diageo,2020,Consumer Goods,Beverages,41881,54234,68112
Diageo,2024,Consumer Goods,Beverages,44668,60620,77388
Diageo,2023,Consumer Goods,Beverages,47295,61733,80159
Diageo,2022,Consumer Goods,Beverages,50260,64627,81888
Diploma,2023,Industrials,Support Services,26609,32670,46272
Diploma,2022,Industrials,Support Services,24090,29074,40216
Diploma,2021,Industrials,Support Services,23010,29036,41523
Diploma,2020,Industrials,Support Services,22641,28701,42377
Direct Line,2023,Financials,Non Life Insurance,24786,29836,48616
Direct Line,2022,Financials,Non Life Insurance,27147,35158,52218
Direct Line,2021,Financials,Non Life Insurance,25691,32900,48302
Direct Line,2020,Financials,Non Life Insurance,24885,30401,44905
Direct Line,2019,Financials,Non Life Insurance,23665,28894,43275
DiscoverIE Group,2024,Technology,Technology Hardware and Development,25750,34400,59691
DiscoverIE Group,2023,Technology,Technology Hardware and Development,25993,32311,52653
DiscoverIE Group,2022,Technology,Technology Hardware and Development,22109,37977,58426
Dixons Carphone,2022,Consumer Services,General Retailers,19690,22437,30317
Dixons Carphone,2021,Consumer Services,General Retailers,17254,20327,26868
Dixons Carphone,2020,Consumer Services,General Retailers,19206,21590,27704
Domino's Pizza,2023,Consumer Services,Travel & Leisure,21612,29327,48941
Domino's Pizza,2022,Consumer Services,Travel & Leisure,20125,26966,54919
Domino's Pizza,2021,Consumer Services,Travel & Leisure,17913,32657,49970
Domino's Pizza,2020,Consumer Services,Travel & Leisure,17828,30482,46620
Domino's Pizza,2019,Consumer Services,Travel & Leisure,16264,30022,45553
Dr Martens,2024,Consumer Discretionary,Consumer Products and Services,25700,30400,53500
Dr Martens,2023,Consumer Discretionary,Consumer Products and Services,24100,28300,50100
Dr Martens,2022,Consumer Discretionary,Consumer Products and Services,21400,27700,52800
Dr Martens,2021,Consumer Discretionary,Consumer Products and Services,34000,42000,74000
Drax,2024,Utilities,Electricity,46292,75409,99772
Drax,2023,Utilities,Electricity,37541,61948,94359
Drax,2022,Utilities,Electricity,47370,68326,94770
Drax,2021,Utilities,Electricity,32722,53033,81336
Drax,2020,Utilities,Electricity,29237,49793,76968
Drax,2019,Utilities,Electricity,27569,45833,71716
Dunelm,2023,Consumer Services,General Retailers,21445,22880,29682
Dunelm,2022,Consumer Services,General Retailers,21569,22193,24003
Dunelm,2021,Consumer Services,General Retailers,19793,19793,21740
Dunelm,2020,Consumer Services,General Retailers,16409,18918,23498
EasyJet,2024,Consumer Services,Travel & Leisure,31128,38812,83805
EasyJet,2023,Consumer Services,Travel & Leisure,29640,38340,82719
EasyJet,2022,Consumer Services,Travel & Leisure,27002,36312,83422
EasyJet,2021,Consumer Services,Travel & Leisure,29981,38992,78134
EasyJet,2020,Consumer Services,Travel & Leisure,25085,32926,64810
Electrocomponents,2022,Industrials,Support Services,22552,27770,46333
Electrocomponents,2021,Industrials,Support Services,25555,28750,51632
Electrocomponents,2020,Industrials,Support Services,21357,26633,42105
Elementis,2023,Basic Materials,Chemicals,41214,52843,90125
Elementis,2022,Basic Materials,Chemicals,45479,54945,92779
Elementis,2021,Basic Materials,Chemicals,46206,58025,85190
Empiric Student Property,2023,Financials,Real Estate Investment and Services,25391,27463,35774
Entain,2024,Consumer Services,Travel & Leisure,31419,40272,45685
Entain,2021,Consumer Services,Travel & Leisure,18503,21028,26330
Entain,2020,Consumer Services,Travel & Leisure,18667,20808,26429
Entain,2023,Utilities,Electricity,20893,24090,28663
Entain,2022,Utilities,Electricity,18917,21988,26208
Entain,2019,Consumer Services,Travel & Leisure,17409,21120,28524
Essentra,2023,Industrials,Support Services,26879,38321,59386
Essentra,2022,Industrials,Support Services,24675,34846,55378
Essentra,2021,Industrials,Support Services,21874,26215,41014
Essentra,2020,Industrials,Support Services,21074,26951,41402
Essentra,2019,Industrials,Support Services,20499,27101,38131
Euromoney,2021,Industrials,Support Services,38841,66811,135151
Experian,2025,Industrials,Support Services,49638,72045,106081
Experian,2022,Industrials,Support Services,43957,64062,98754
Experian,2021,Industrials,Support Services,40969,61115,93574
Experian,2020,Industrials,Support Services,38630,57803,91736
Experian,2024,Industrials,Support Services,50091,72026,109161
Experian,2023,Industrials,Support Services,51978,75887,112982
FDM Group,2022,Technology,Software and Computer Services,23902,26626,37641
FDM Group,2021,Technology,Software and Computer Services,23607,28765,39779
FDM Group,2020,Technology,Software and Computer Services,27210,34775,44483
FDM Group,2019,Technology,Software and Computer Services,24911,27339,37305
Ferguson,2021,Industrials,Support Services,55300,117800,214600
Ferguson,2020,Industrials,Support Services,20100,23900,34000
Firstgroup,2024,Consumer Services,Travel & Leisure,33279,35182,53996
Firstgroup,2023,Consumer Services,Travel & Leisure,35189,40145,54283
Firstgroup,2022,Consumer Services,Travel & Leisure,33073,36395,55051
Firstgroup,2021,Consumer Services,Travel & Leisure,27560,34002,53437
Firstgroup,2020,Consumer Services,Travel & Leisure,24600,32000,45400
Fisher,2019,Industrials,Industrial Transportation,25459,36541,55240
Flutter,2021,Consumer Services,Travel & Leisure,24281,39327,69146
Flutter,2020,Consumer Services,Travel & Leisure,22129,37938,65929
Flutter,2019,Consumer Services,Travel & Leisure,19555,23707,38890
Flutter,2023,Consumer Services,Travel & Leisure,29788,45209,83461
Flutter,2022,Consumer Services,Travel & Leisure,26720,39933,71133
Future,2023,Technology,Software and Computer Services,30389,40308,57580
Future,2022,Technology,Software and Computer Services,26711,32378,42457
Future,2021,Technology,Software and Computer Services,28388,36775,47941
Future,2020,Technology,Software and Computer Services,34457,43992,56165
G4S,2020,Industrials,Support Services,20823,23029,27005
G4S,2019,Industrials,Support Services,19446,22186,28163
Games Workshop,2023,Consumer Services,General Retailers,25000,30000,36000
Games Workshop,2022,Consumer Services,General Retailers,24000,29000,37000
Games Workshop,2021,Consumer Services,General Retailers,23000,28000,41000
Games Workshop,2020,Consumer Services,General Retailers,20000,25000,34000
Gamesys Group,2020,Consumer Services,Travel & Leisure,31551,49375,75000
Gamesys Group,2019,Consumer Services,Travel & Leisure,30943,47696,75602
Genuit,2023,Industrials,Construction & Materials,26434,29072,39712
Genuit,2022,Industrials,Construction & Materials,22237,27906,38897
Genuit,2021,Industrials,Construction & Materials,22449,26828,36011
Genus,2024,Pharmaceuticals and Biotechnology,Biotechnology,30561,35648,49476
Genus,2023,Pharmaceuticals and Biotechnology,Biotechnology,30345,35924,50199
Genus,2022,Health Care,Pharmaceuticals and Biotechnology,27774,33999,44818
Genus,2021,Health Care,Pharmaceuticals and Biotechnology,27347,32464,43796
Genus,2020,Health Care,Pharmaceuticals and Biotechnology,25230,31748,42426
Grafton Group,2024,Industrials,Support Services,24667,28212,34682
Grafton Group,2023,Industrials,Support Services,23219,27536,34010
Grafton Group,2022,Industrials,Support Services,22402,25389,30855
Grafton Group,2021,Industrials,Support Services,21419,24662,32246
Grafton Group,2020,Industrials,Support Services,20036,23716,30753
Grafton Group,2019,Industrials,Support Services,20490,24697,32596
Grainger,2023,Financials,Real Estate Investment and Services,31830,49900,85792
Grainger,2022,Financials,Real Estate Investment and Services,31831,47521,81690
Grainger,2021,Financials,Real Estate Investment and Services,32711,48540,80586
Grainger,2020,Financials,Real Estate Investment and Services,29968,44748,76196
Greencore,2024,Consumer Goods,Food Producers,23547,29041,31497
Greencore,2021,Consumer Goods,Food Producers,20928,23330,28893
Greencore,2020,Consumer Goods,Food Producers,20233,21650,24407
Greggs,2023,Consumer Services,Food and Drug Retailers,24826,26533,25973
Greggs,2022,Consumer Services,Food and Drug Retailers,22349,23950,25304
Greggs,2021,Consumer Services,Food and Drug Retailers,21340,21553,22647
Greggs,2022,Consumer Services,Food and Drug Retailers,19824,19966,28792
Greggs,2019,Consumer Services,Food and Drug Retailers,19151,20014,23350
GSK,2021,Health Care,Pharmaceuticals and Biotechnology,53151,76234,122852
GSK,2020,Health Care,Pharmaceuticals and Biotechnology,54133,73340,113830
GSK,2019,Health Care,Pharmaceuticals and Biotechnology,50467,68200,110638
GSK,2024,Health Care,Pharmaceuticals and Biotechnology,62876,85924,136010
GSK,2023,Health Care,Pharmaceuticals and Biotechnology,61490,83783,135819
GSK,2022,Health Care,Pharmaceuticals and Biotechnology,58883,79428,126594
Haleon,2024,Health Care,Pharmaceuticals and Biotechnology,64000,110000,147000
Haleon,2023,Health Care,Pharmaceuticals and Biotechnology,62000,114000,152000
Haleon,2022,Health Care,Pharmaceuticals and Biotechnology,36107,71266,97211
Halma,2025,Industrials,Electronic and Electrical Equipment,28044,38151,59285
Halma,2022,Industrials,Electronic and Electrical Equipment,24608,32430,50748
Halma,2021,Industrials,Electronic and Electrical Equipment,19830,25450,40097
Halma,2020,Industrials,Electronic and Electrical Equipment,20738,27265,43903
Halma,2024,Industrials,Electronic and Electrical Equipment,28275,36473,57501
Halma,2023,Industrials,Electronic and Electrical Equipment,26155,34781,53343
Hammerson,2024,Real Estate,Real Estate Investment Trusts,92000,133000,214000
Hammerson,2023,Real Estate,Real Estate Investment Trusts,86000,121000,201000
Hammerson,2022,Real Estate,Real Estate Investment Trusts,46000,73000,124000
Hammerson,2021,Real Estate,Real Estate Investment Trusts,44000,71000,120000
Harbour Energy,2024,Energy,"Oil, Gas and Coal",112163,133047,122897
Harbour Energy,2021,Energy,"Oil, Gas and Coal",58880,70210,97340
Harbour Energy,2023,Energy,"Oil, Gas and Coal",109255,132570,179575
Harbour Energy,2022,Energy,"Oil, Gas and Coal",57220,85513,92870
Hargreaves Lansdown,2020,Financials,Financial Services,26573,37625,58249
Hargreaves Lansdown,2021,Financials,Financial Services,26422,39796,57055
Hargreaves Lansdown,2024,Financials,Financial Services,28367,43608,75902
Hargreaves Lansdown,2023,Financials,Financial Services,29270,43000,72040
Hargreaves Lansdown,2022,Financials,Financial Services,25973,36497,58977
Hastings Group,2019,Financials,Non Life Insurance,18858,21236,29233
Hays,2023,Industrials,Support Services,30085,44354,75230
Hays,2021,Industrials,Support Services,27974,39781,65068
Hays,2020,Industrials,Support Services,26570,38397,62847
Hays,2022,Industrials,Support Services,30040,46588,79102
Hill and Smith,2023,Basic Materials,Industrial Metals and Mining,34384,32204,38111
Hill and Smith,2022,Basic Materials,Industrial Metals and Mining,26797,28385,33098
Hill and Smith,2021,Basic Materials,Industrial Metals and Mining,25798,28167,42549
Hill and Smith,2019,Basic Materials,Industrial Metals and Mining,27682,30550,31593
Hill and Smith,2020,Basic Materials,Industrial Metals and Mining,49990,29480,38712
Hilton Food Group,2023,Consumer Goods,Food Producers,25000,28000,34000
Hilton Food Group,2021,Consumer Goods,Food Producers,23000,26000,35000
Hilton Food Group,2022,Consumer Goods,Food Producers,21033,25240,39438
Hilton Food Group,2019,Consumer Goods,Food Producers,19000,20000,31000
Hilton Food Group,2021,Consumer Goods,Food Producers,20000,23000,37000
Hiscox,2024,Financials,Non Life Insurance,52687,81466,121110
Hiscox,2023,Financials,Non Life Insurance,47696,76285,116905
Hiscox,2022,Financials,Non Life Insurance,44180,70449,109293
Hiscox,2021,Financials,Non Life Insurance,39344,67442,108927
Hiscox,2019,Financials,Non Life Insurance,36210,61155,94661
Hiscox,2020,Financials,Non Life Insurance,35481,59980,92461
Hollywood Bowl,2023,Consumer Discretionary,Travel & leisure,19300,20200,25500
Homeserve,2022,Consumer Services,General Retailers,21559,32500,37425
Homeserve,2020,Consumer Services,General Retailers,14493,23424,32232
Homeserve,2021,Consumer Services,General Retailers,23039,30767,34091
Howden Joinery,2024,Industrials,Support Services,35190,40039,48676
Howden Joinery,2021,Industrials,Support Services,29278,34867,42405
Howden Joinery,2023,Industrials,Support Services,33278,38735,46836
Howden Joinery,2022,Industrials,Support Services,32066,37105,45006
Howden Joinery,2019,Industrials,Support Services,24743,30185,36783
Howden Joinery,2020,Industrials,Support Services,26731,32195,39408
HSBC,2019,Financials,Banks,28920,46593,93365
HSBC,2024,Financials,Banks,38995,66772,127050
HSBC,2020,Financials,Banks,29833,48703,96386
HSBC,2021,Financials,Banks,31727,54678,106951
HSBC,2023,Financials,Banks,36528,63000,121223
HSBC,2022,Financials,Banks,33284,58257,113778
Ibstock,2023,Industrials,Construction & Materials,29195,36811,49693
Ibstock,2022,Industrials,Construction & Materials,30835,38929,49495
Ibstock,2021,Industrials,Construction & Materials,26926,36800,44160
Ibstock,2019,Industrials,Construction & Materials,17140,21057,32043
Ibstock,2020,Industrials,Construction & Materials,25714,33750,41538
IG Group,2023,Financials,Financial Services,71850,99598,136990
IG Group,2022,Financials,Financial Services,71634,98930,139594
IG Group,2021,Financials,Financial Services,63870,88550,123950
IG Group,2020,Financials,Financial Services,55790,78310,106750
IMI,2024,Financials,Electronic and Electrical Equipment,65943,45030,38698
IMI,2023,Financials,Electronic and Electrical Equipment,31428,40907,55914
IMI,2022,Industrials,Electronic and Electrical Equipment,33076,42916,74331
IMI,2021,Industrials,Electronic and Electrical Equipment,34398,41902,62657
IMI,2019,Industrials,Electronic and Electrical Equipment,28415,38070,51812
IMI,2020,Industrials,Electronic and Electrical Equipment,28893,36852,54247
Imperial Brands,2019,Consumer Goods,Tobacco,40321,57757,97136
Imperial Brands,2020,Consumer Goods,Tobacco,51515,66793,106149
Imperial Brands,2021,Consumer Goods,Tobacco,59479,75153,115544
Imperial Brands,2023,Consumer Goods,Tobacco,56840,76735,123667
Imperial Brands,2022,Consumer Goods,Tobacco,55452,71685,109463
Inchcape,2024,Industrials,Support Services,100000,149000,248000
Inchcape,2023,Industrials,Support Services,30000,41000,55000
Inchcape,2022,Industrials,Support Services,26000,38000,55000
Inchcape,2021,Industrials,Support Services,28000,37000,54000
Inchcape,2019,Industrials,Support Services,24000,34000,52000
Inchcape,2020,Industrials,Support Services,24000,33000,49000
Informa,2024,Consumer Services,Media,40822,56954,86618
Informa,2019,Consumer Services,Media,30970,41748,65031
Informa,2020,Consumer Services,Media,31574,47792,65298
Informa,2021,Consumer Services,Media,30843,41200,60117
Informa,2023,Consumer Services,Media,37376,53756,81963
Informa,2022,Consumer Services,Media,35884,51124,76656
Integrafin,2023,Financials,Financial Services,47273,61764,89028
Integrafin,2022,Financials,Financial Services,44342,59553,84621
Integrafin,2021,Financials,Financial Services,43202,55004,79335
Integrafin,2019,Financials,Financial Services,41722,50067,75100
Integrafin,2020,Financials,Financial Services,42515,54176,76550
Intercontinental Hotels,2019,Consumer Services,Travel & Leisure,18786,27766,57383
Intercontinental Hotels,2024,Consumer Services,Travel & Leisure,34938,47116,83303
Intercontinental Hotels,2020,Consumer Services,Travel & Leisure,16736,33366,58761
Intercontinental Hotels,2021,Consumer Services,Travel & Leisure,19540,49020,77832
Intercontinental Hotels,2023,Consumer Services,Travel & Leisure,23933,37132,74278
Intercontinental Hotels,2022,Consumer Services,Travel & Leisure,23957,37521,77183
Intermediate Capital,2025,Financials,Financial Services,148894,229480,396782
Intermediate Capital,2024,Financials,Financial Services,136251,227452,370880
Intermediate Capital,2023,Financials,Financial Services,129951,213185,358138
Intermediate Capital,2022,Financials,Financial Services,118729,189143,374976
International Airlines Group,2023,Consumer Services,Travel & Leisure,52600,63600,97700
International Airlines Group,2019,Consumer Services,Travel & Leisure,29360,44208,64673
International Airlines Group,2020,Consumer Services,Travel & Leisure,28383,42823,63877
International Airlines Group,2021,Consumer Services,Travel & Leisure,38600,53400,80700
International Airlines Group,2023,Consumer Services,Travel & Leisure,49200,61400,95300
International Airlines Group,2022,Consumer Services,Travel & Leisure,43400,57100,90500
International Distributions Services,2024,Industrials,Industrial Transportation,32165,36268,42630
International Distributions Services,2023,Industrials,Industrial Transportation,29622,33193,38851
Intertek,2024,Industrials,Support Services,30211,38541,56983
Intertek,2019,Industrials,Support Services,24351,32895,46738
Intertek,2020,Industrials,Support Services,26155,34252,48988
Intertek,2021,Industrials,Support Services,26115,33938,54300
Intertek,2023,Industrials,Support Services,29107,40879,58162
Intertek,2022,Industrials,Support Services,27481,34576,54400
Investec,2024,Financials,Financial Services,74615,118072,190480
Investec,2023,Financials,Financial Services,50409,93697,164059
Investec,2020,Financials,Financial Services,38784,72337,123282
Investec,2022,Financials,Financial Services,44065,84901,150440
Investec,2021,Financials,Financial Services,45188,81046,132543
Ithaca Energy,2023,Energy,"Oil, Gas & Coal",88179,109702,156279
Ithaca Energy,2022,Energy,"Oil, Gas & Coal",93279,106611,138669
ITV,2021,Consumer Services,Media,35199,47184,63788
ITV,2023,Consumer Services,Media,36450,46339,71055
ITV,2022,Consumer Services,Media,39849,53485,73558
ITV,2019,Consumer Services,Media,41535,47711,72680
ITV,2020,Consumer Services,Media,35199,47184,63788
IWG,2023,Industrials,Support Services,26000,38000,54000
IWG,2022,Industrials,Support Services,28000,38000,57000
IWG,2021,Industrials,Support Services,26400,39200,68300
IWG,2019,Industrials,Support Services,19400,30300,44100
IWG,2020,Industrials,Support Services,30000,37200,65400
JD Sports,2025,Consumer Services,General Retailers,16091,21949,23451
JD Sports,2020,Consumer Services,General Retailers,16067,18299,18366
JD Sports,2021,Consumer Services,General Retailers,15624,21511,28139
JD Sports,2022,Consumer Services,General Retailers,10405,19064,33232
JD Sports,2024,Consumer Services,General Retailers,18053,22751,32398
JD Sports,2023,Consumer Services,General Retailers,11240,25330,28825
Johnson Matthey,2020,Basic Materials,Chemicals,40377,51039,66873
Johnson Matthey,2021,Basic Materials,Chemicals,40029,50771,66873
Johnson Matthey,2022,Basic Materials,Chemicals,40301,49618,65453
Johnson Matthey,2024,Basic Materials,Chemicals,49161,61082,80832
Johnson Matthey,2023,Basic Materials,Chemicals,44108,54458,72086
Jupiter Fund Management,2023,Financials,Investment Banking and Brokerage Services,83000,124000,212000
Jupiter Fund Management,2022,Financials,Investment Banking and Brokerage Services,80000,124000,201000
Jupiter Fund Management,2021,Financials,Investment Banking and Brokerage Services,74000,114000,225000
Jupiter Fund Management,2020,Financials,Investment Banking and Brokerage Services,76000,113000,196000
Jupiter Fund Management,2019,Financials,Investment Banking and Brokerage Services,65000,100000,163000
Just,2023,Financials,Financial Services,38000,62000,111000
Just,2022,Financials,Financial Services,34000,56000,100000
Just,2021,Financials,Financial Services,34000,55000,93000
Just,2020,Financials,Financial Services,35000,57000,94000
Just,2019,Financials,Financial Services,38000,61000,102000
Kainos,2024,Technology,Software and Computer Services,39000,64000,92000
Kainos,2023,Technology,Software and Computer Services,38000,63000,90000
Kainos,2022,Technology,Software and Computer Services,35000,55000,80000
Kainos,2021,Technology,Software and Computer Services,33550,50200,73850
Kainos,2020,Technology,Software and Computer Services,30800,46000,67000
Keller Group,2023,Industrials,Construction & Materials,44722,70590,92825
Keller Group,2022,Industrials,Construction & Materials,37753,63434,85133
Kier Group,2023,Industrials,Construction & Materials,27820,41272,63255
Kingfisher,2025,Consumer Services,General Retailers,23400,25000,28000
Kingfisher,2020,Consumer Services,General Retailers,16500,18500,21100
Kingfisher,2021,Consumer Services,General Retailers,17500,17800,23500
Kingfisher,2022,Consumer Services,General Retailer,18700,20600,21100
Kingfisher,2024,Consumer Services,General Retailer,22900,23900,26800
Kingfisher,2023,Consumer Services,General Retailer,21100,23000,24600
Lion Trust,2023,Financials,Financial Services,64000,100000,140000
Law Debenture,2023,Financials,Financial Services,36133,60517,114673
Lancashire Holdings,2023,Financials,Insurance,69047,118991,210776
Land Securities,2025,Financials,Real Estate Investment Trusts,59798,93604,139246
Land Securities,2020,Financials,Real Estate Investment Trusts,44140,69393,104438
Land Securities,2021,Financials,Real Estate Investment Trusts,45752,73212,105848
Land Securities,2022,Financials,Real Estate Investment Trusts,50620,79746,122832
Land Securities,2024,Financials,Real Estate Investment Trusts,57313,90810,135816
Land Securities,2023,Financials,Real Estate Investment Trusts,54032,87925,145648
Legal & General,2024,Financials,Life Insurance,38997,65490,107476
Legal & General,2020,Financials,Life Insurance,29030,47472,90324
Legal & General,2019,Financials,Life Insurance,27408,41177,67744
Legal & General,2021,Financials,Life Insurance,34974,52466,90039
Legal & General,2023,Financials,Life Insurance,33950,59094,97774
Legal & General,2022,Financials,Life Insurance,32985,54058,86376
Lloyds Banking,2020,Financials,Banks,26135,36165,63522
Lloyds Banking,2019,Financials,Banks,26419,36975,66944
Lloyds Banking,2021,Financials,Banks,28005,39396,73629
Lloyds Banking,2024,Financials,Banks,34122,49372,88790
Lloyds Banking,2023,Financials,Banks,32921,46209,82030
Lloyds Banking,2022,Financials,Banks,31421,43760,78833
London Stock Exchange,2024,Financials,Investment Banking and Brokerage Services,92861,123396,148229
London Stock Exchange,2020,Financials,Investment Banking and Brokerage Services,74004,102188,139913
London Stock Exchange,2019,Financials,Investment Banking and Brokerage Services,79292,114401,128917
London Stock Exchange,2021,Financials,Investment Banking and Brokerage Services,66388,101919,131446
London Stock Exchange,2023,Financials,Investment Banking and Brokerage Services,84375,111358,152769
London Stock Exchange,2022,Financials,Investment Banking and Brokerage Services,77738,118550,152968
M & G,2024,Financials,Investment Banking and Brokerage Services,64462,106067,147037
M & G,2020,Financials,Investment Banking and Brokerage Services,57490,85410,124603
M & G,2021,Financials,Investment Banking and Brokerage Services,55716,86789,124704
M & G,2019,Financials,Investment Banking and Brokerage Services,46854,64707,105542
M & G,2023,Financials,Investment Banking and Brokerage Services,62550,99317,137804
M & G,2022,Financials,Investment Banking and Brokerage Services,53722,87789,135844
Man Group,2024,Financials,Investment Banking and Brokerage Services,86381,134165,240234
Man Group,2023,Financials,Investment Banking and Brokerage Services,101097,151181,265376
Man Group,2022,Financials,Investment Banking and Brokerage Services,84917,141226,273326
Man Group,2021,Financials,Investment Banking and Brokerage Services,84873,137362,254309
Man Group,2020,Financials,Investment Banking and Brokerage Services,83822,130819,219808
Man Group,2019,Financials,Investment Banking and Brokerage Services,83084,126740,227235
Marks and Spencers,2025,Consumer Services,General Retailers,24000,27000,28000
Marks and Spencers,2024,Consumer Services,General Retailers,24000,26000,31000
Marks and Spencers,2023,Consumer Services,General Retailers,22000,24000,28000
Marks and Spencers,2022,Consumer Services,General Retailers,21000,22000,26000
Marks and Spencers,2021,Consumer Services,General Retailers,20000,21000,25000
Marks and Spencers,2020,Consumer Services,General Retailers,19000,21000,24000
Marshalls,2023,Industrials,Construction & Materials,31000,39000,45000
Marshalls,2022,Industrials,Construction & Materials,33000,43000,53000
Marshalls,2021,Industrials,Construction & Materials,31000,40000,45000
Marshalls,2020,Industrials,Construction & Materials,24000,37000,44000
Marshalls,2019,Industrials,Construction & Materials,28000,36000,43000
ME Group International,2023,Consumer Discretionary,Leisure Goods,28652,31970,39991
Meggitt,2021,Industrials,Aerospace and Defence,35376,44570,60952
Meggitt,2019,Industrials,Aerospace and Defence,32879,42861,58479
Meggitt,2020,Industrials,Aerospace and Defence,34019,43831,59994
Melrose,2024,Industrials,Automobiles and Parts,42000,53000,65000
Melrose,2020,Industrials,Automobiles and Parts,34000,42000,53000
Melrose,2021,Industrials,Automobiles and Parts,35000,41000,52000
Melrose,2019,Industrials,Automobiles and Parts,32000,40000,50000
Melrose,2023,Industrials,Automobiles and Parts,39000,50000,61000
Melrose,2022,Industrials,Automobiles and Parts,38000,47000,60000
Metro Bank,2024,Financials,Banks,32200,42900,67400
Micro Focus International,2021,Technology,Software and Computer Services,49000,74000,118000
Micro Focus International,2020,Technology,Software and Computer Services,49000,74000,101000
Micro Focus International,2019,Technology,Software and Computer Services,45000,66000,111000
Mitchells and Butlers,2024,Consumer Services,Travel & Leisure,20826,20833,21298
Mitchells and Butlers,2023,Consumer Services,Travel & Leisure,18218,18964,20058
Mitchells and Butlers,2022,Consumer Services,Travel & Leisure,15161,17290,17778
Mitchells and Butlers,2021,Consumer Services,Travel & Leisure,15215,16269,17126
Mitchells and Butlers,2020,Consumer Services,Travel & Leisure,14924,15583,15806
Mitchells and Butlers,2019,Consumer Services,Travel & Leisure,14014,15046,15881
Mitie,2024,Industrials,Industrial Goods and Services,23452,25622,28680
Mitie,2023,Industrials,Industrial Goods and Services,21565,23610,28357
Mitie,2022,Industrials,Industrial Goods and Services,20433,23988,27519
Mobico (National Express),2024,Consumer Services,Travel & Leisure,34151,39939,47803
Mobico (National Express),2023,Consumer Services,Travel & Leisure,30485,36540,44705
Mondi,2020,Basic Materials,Forestry and Paper,64000,88738,114129
Mondi,2021,Basic Materials,Forestry and Paper,71995,98722,149578
Mondi,2019,Basic Materials,Forestry and Paper,26084,33399,48500
Moneysupermarket,2023,Technology,Software and Computer Services,46066,69242,91387
Moneysupermarket,2022,Technology,Software and Computer Services,38169,59705,80285
Moneysupermarket,2021,Technology,Software and Computer Services,39105,54342,73499
Moneysupermarket,2020,Technology,Software and Computer Services,35124,49436,66628
Moneysupermarket,2019,Technology,Software and Computer Services,35444,49490,67634
Moonpig,2025,Consumer Discretionary,Retailer,43200,74500,109900
Moonpig,2023,Consumer Discretionary,Retailer,32000,54000,83000
Moonpig,2022,Consumer Discretionary,Retailer,57370,82145,111114
Morgan Advanced Materials,2022,Industrials,Electronic and Electrical Equipment,25451,42005,49371
Morgan Advanced Materials,2021,Industrials,Electronic and Electrical Equipment,22533,34725,42442
Morgan Advanced Materials,2020,Industrials,Electronic and Electrical Equipment,22464,31550,38723
Morgan Advanced Materials,2019,Industrials,Electronic and Electrical Equipment,21958,25927,39926
Morgan Advanced Materials,2023,Industrials,Electronic and Electrical Equipment,22345,28591,45426
Morgan Sindall,2022,Industrials,Construction & Materials,43000,59000,99000
Morgan Sindall,2021,Industrials,Construction & Materials,46000,53000,85000
Morgan Sindall,2020,Industrials,Construction & Materials,36000,45000,75000
Morgan Sindall,2019,Industrials,Construction & Materials,37481,50249,80430
Morgan Sindall,2023,Industrials,Construction & Materials,41000,73000,90000
Morrisons,2021,Consumer Services,Food and Drug Retailers,19038,20695,24435
Morrisons,2020,Consumer Services,Food and Drug Retailers,18202,19340,23321
National Express,2022,Consumer Services,Travel & Leisure,26546,31354,38962
National Express,2021,Consumer Services,Travel & Leisure,24179,28023,33707
National Express,2020,Consumer Services,Travel & Leisure,25545,29418,34083
National Express,2019,Consumer Services,Travel & Leisure,23889,23942,33804
National Grid,2025,Utilities,"Gas, Water and Multi-Utilities",54440,71802,94191
National Grid,2021,Utilities,"Gas, Water and Multi-Utilities",48657,62867,81548
National Grid,2022,Utilities,"Gas, Water and Multi-Utilities",48038,61834,80297
National Grid,2020,Utilities,"Gas, Water and Multi-Utilities",47849,61842,80614
National Grid,2024,Utilities,"Gas, Water and Multi-Utilities",54098,70388,92336
National Grid,2023,Utilities,"Gas, Water and Multi-Utilities",50493,65112,84466
Natwest,2020,Financials,Banks,26000,40000,66000
Natwest,2021,Financials,Banks,28000,41000,70000
Natwest,2019,Financials,Banks,25742,38199,65684
Natwest,2024,Financials,Banks,36000,53000,87000
Natwest,2023,Financials,Banks,33000,50000,81000
Natwest,2022,Financials,Banks,27000,40000,58000
NCC,2023,Technology,Software and Computer Services,47000,74000,74000
NCC,2022,Technology,Software and Computer Services,46000,74000,107000
NCC,2021,Technology,Software and Computer Services,41000,61000,99000
Next,2025,Consumer Services,General Retailers,21571,23646,36450
Next,2021,Consumer Services,General Retailers,17643,19063,21306
Next,2022,Consumer Services,General Retailer,15669,17911,21795
Next,2020,Consumer Services,General Retailers,17446,17859,24891
Next,2024,Consumer Services,General Retailer,19965,20465,27412
Next,2023,Consumer Services,General Retailer,19852,22190,31795
Ninety One,2024,Financials,Investment Banking and Brokerage Services,102205,160563,261402
Ninety One,2023,Financials,Investment Banking and Brokerage Services,97701,152586,267567
Ninety One,2022,Financials,Investment Banking and Brokerage Services,98327,154514,284631
Ocado,2020,Consumer Services,Food and Drug Retailers,21900,22400,28500
Ocado,2021,Consumer Services,Food and Drug Retailers,22300,23900,29400
Ocado,2019,Consumer Services,Food and Drug Retailers,20800,22500,25100
Ocado,2023,Consumer Services,Food and Drug Retailers,26000,27300,32500
Ocado,2022,Consumer Services,Food and Drug Retailers,23600,25100,29500
One Savings,2019,Financials,Banks,24600,41800,61500
OSB Group,2024,Financials,Finance and Credit Services,31300,48300,86500
OSB Group,2023,Financials,Finance and Credit Services,32000,47000,70000
OSB Group,2022,Financials,Finance and Credit Services,35000,44000,68000
OSB Group,2020,Financials,Finance and Credit Services,29000,36000,54000
OSB Group,2021,Financials,Finance and Credit Services,31000,46000,72000
Oxford Biomedica,2021,Health Care,Pharmaceuticals and Biotechnology,31000,42000,57000
Oxford Biomedica,2020,Health Care,Pharmaceuticals and Biotechnology,31000,42000,55000
Oxford Biomedica,2019,Health Care,Pharmaceuticals and Biotechnology,29000,38000,50000
Oxford Instruments,2025,Industrials,Electronic and Electrical Equipment,36336,47565,62601
Oxford Instruments,2024,Industrials,Electronic and Electrical Equipment,34001,45261,61326
Oxford Instruments,2023,Industrials,Electronic and Electrical Equipment,33669,45143,60614
Oxford Instruments,2021,Industrials,Electronic and Electrical Equipment,30891,40781,56284
Oxford Instruments,2022,Industrials,Electronic and Electrical Equipment,31948,43015,57485
Oxford Instruments,2020,Industrials,Electronic and Electrical Equipment,29396,38502,55148
PageGroup,2024,Industrials,Support Services,34340,51890,78330
PageGroup,2023,Industrials,Support Services,32560,48840,76310
PageGroup,2022,Industrials,Support Services,30891,47708,75600
PageGroup,2020,Industrials,Support Services,27431,43245,68694
PageGroup,2021,Industrials,Support Services,29700,45720,71030
PageGroup,2019,Industrials,Support Services,25614,39093,64281
Paragon Banking Group,2023,Consumer Services,Media,30000,40000,64000
Paragon Banking Group,2022,Consumer Services,Media,30000,40000,65000
Paragon Banking Group,2020,Financials,Finance and Credit Services,25000,34000,58000
Paragon Banking Group,2021,Financials,Finance and Credit Services,27000,36000,60000
Paragon Banking Group,2019,Financials,Finance and Credit Services,24000,32000,54000
Pearson,2024,Consumer Services,Media,35407,53304,82835
Pearson,2021,Consumer Services,Media,34420,35625,58419
Pearson,2020,Consumer Services,Media,27976,37272,60974
Pearson,2019,Consumer Services,Media,28164,39375,51575
Pearson,2023,Consumer Services,Media,37066,53685,75912
Pearson,2022,Consumer Services,Media,31993,37816,58428
Pennon Group,2025,Utilities,"Gas, Water and Multi-Utilities",31002,41392,53977
Pennon Group,2020,Utilities,"Gas, Water and Multi-Utilities",25184,32221,43388
Pennon Group,2024,Utilities,"Gas, Water and Multi-Utilities",29617,39071,50343
Pennon Group,2023,Utilities,"Gas, Water and Multi-Utilities",27035,34871,45909
Pennon Group,2021,Utilities,"Gas, Water and Multi-Utilities",24803,33794,42843
Pennon Group,2022,Utilities,"Gas, Water and Multi-Utilities",26080,38207,44566
Persimmon,2024,Consumer Goods,Household Goods and Home Construction,38539,43325,63730
Persimmon,2021,Consumer Goods,Household Goods and Home Construction,26005,43306,57485
Persimmon,2020,Consumer Goods,Household Goods and Home Construction,23748,39645,47828
Persimmon,2019,Consumer Goods,Household Goods and Home Construction,29500,33409,44728
Persimmon,2023,Consumer Goods,Household Goods and Home Construction,27326,43373,69381
Persimmon,2022,Consumer Goods,Household Goods and Home Construction,28644,37314,58147
Petrofac,2021,Oil and Gas,Oil Equipment and Services,61221,74742,84239
Petrofac,2019,Oil and Gas,Oil Equipment and Services,49288,68929,81686
Petrofac,2020,Oil and Gas,Oil Equipment and Services,50485,66124,77207
Pets At Home,2024,Consumer Services,General Retailers,22532,27353,35813
Pets At Home,2023,Consumer Services,General Retailers,22501,26748,35224
Pets At Home,2021,Consumer Services,General Retailers,20198,24330,31029
Pets At Home,2022,Consumer Services,General Retailers,20806,25430,35211
Pets At Home,2020,Consumer Services,General Retailers,17879,20671,27107
Phoenix,2024,Financials,Life Insurance,42058,66117,96510
Phoenix,2021,Financials,Life Insurance,27577,39878,69901
Phoenix,2020,Financials,Life Insurance,25970,37440,64678
Phoenix,2019,Financials,Life Insurance,31605,47899,74469
Phoenix,2023,Financials,Life Insurance,32217,53493,85926
Phoenix,2022,Financials,Life Insurance,30600,44223,75368
Playtech,2023,Consumer Services,Travel & Leisure,43443,62068,92117
Playtech,2022,Consumer Services,Travel & Leisure,37728,56860,83813
Playtech,2020,Consumer Services,Travel & Leisure,39306,55089,80907
Playtech,2021,Consumer Services,Travel & Leisure,39868,57029,85662
Playtech,2019,Consumer Services,Travel & Leisure,34761,48441,71696
Polypipe,2020,Industrials,Construction & Materials,23529,28480,36109
Polypipe,2019,Industrials,Construction & Materials,21260,24984,33112
Premier Foods,2023,Consumer Goods,Food Producers,29085,34540,44613
Premier Foods,2022,Consumer Goods,Food Producers,29085,34540,44613
Premier Foods,2021,Consumer Goods,Food Producers,24600,33309,41535
Premier Foods,2020,Consumer Goods,Food Producers,23927,28890,40381
Provident Financial,2021,Financials,Finance and Credit Services,24900,29800,44800
Provident Financial,2020,Financials,Finance and Credit Services,28600,30800,38900
Provident Financial,2019,Financials,Finance and Credit Services,24200,28000,32300
Prudential,2021,Financials,Life Insurance,77304,109392,165546
Prudential,2020,Financials,Life Insurance,65779,98669,145654
Prudential,2019,Financials,Life Insurance,77000,100000,155000
PZ Cussons,2023,Consumer Goods,Personal Goods,35695,54004,89263
PZ Cussons,2022,Consumer Goods,Personal Goods,38553,50368,79195
PZ Cussons,2021,Consumer Goods,Personal Goods,37949,52549,79627
PZ Cussons,2020,Consumer Goods,Personal Goods,35133,50013,74797
Qinetiq,2024,Industrials,Aerospace and Defence,43906,58329,76690
Qinetiq,2023,Industrials,Aerospace and Defence,40608,54216,70569
Qinetiq,2022,Industrials,Aerospace and Defence,37286,50831,66297
Qinetiq,2021,Industrials,Aerospace and Defence,36959,50147,65685
Qinetiq,2020,Industrials,Aerospace and Defence,35732,48965,64620
Quilter,2023,Financials,Investment Banking and Brokerage Services,39300,60000,101600
Quilter,2022,Financials,Investment Banking and Brokerage Services,36196,56092,96835
Quilter,2021,Financials,Investment Banking and Brokerage Services,33963,51399,93358
Quilter,2020,Financials,Investment Banking and Brokerage Services,29633,45349,78368
Quilter,2019,Financials,Investment Banking and Brokerage Services,30478,48486,69114
Rank Group,2021,Consumer Services,Travel & Leisure,18910,19489,24757
Rank Group,2020,Consumer Services,Travel & Leisure,17249,17824,22959
Rathbone Bros,2023,Financials,Investment Banking and Brokerage Services,36660,75057,136631
Rathbone Bros,2022,Financials,Investment Banking and Brokerage Services,35328,68998,184568
Rathbone Bros,2021,Financials,Investment Banking and Brokerage Services,26604,79250,188879
Rathbone Bros,2020,Financials,Investment Banking and Brokerage Services,31701,60249,125467
Rathbone Bros,2019,Financials,Investment Banking and Brokerage Services,30161,52142,110100
Reach,2021,Consumer Services,Media,34853,39376,50825
Reach,2020,Consumer Services,Media,29305,35351,44672
Reckitt Benckiser,2024,Consumer Goods,Household Goods and Home Construction,42086,55921,97354
Reckitt Benckiser,2021,Consumer Goods,Household Goods and Home Construction,35045,49261,76581
Reckitt Benckiser,2020,Consumer Goods,Household Goods and Home Construction,34553,47698,84433
Reckitt Benckiser,2019,Consumer Goods,Household Goods and Home Construction,33224,45795,75561
Reckitt Benckiser,2023,Consumer Goods,Household Goods and Home Construction,39069,53506,93980
Reckitt Benckiser,2022,Consumer Goods,Household Goods and Home Construction,36998,49842,88128
Redde Northgate,2023,Industrials,Industrial Goods and Services,24000,29000,41000
Redde Northgate,2022,Industrials,Industrial Goods and Services,23000,28000,41000
Redde Northgate,2021,Industrials,Industrial Goods and Services,21053,26786,40547
Redrow,2023,Consumer Goods,Household Goods and Home Construction,32098,50309,78002
Redrow,2022,Consumer Goods,Household Goods and Home Construction,29000,46082,70897
Redrow,2021,Consumer Goods,Household Goods and Home Construction,27312,44293,66694
Redrow,2020,Consumer Goods,Household Goods and Home Construction,26069,40581,60756
RELX,2021,Consumer Services,Media,43000,64000,92000
RELX,2020,Consumer Services,Media,40000,59000,86000
RELX,2019,Consumer Services,Media,38582,58261,86810
RELX,2022,Consumer Services,Media,44000,64000,93000
RELX,2023,Consumer Services,Media,46000,69000,97000
Renewi,2024,Utilities,Waste & Disposal,33021,38588,52928
Renishaw,2023,Industrials,Electronic and Electrical Equipment,27484,45554,55940
Renishaw,2022,Industrials,Electronic and Electrical Equipment,31099,42246,48457
Renishaw,2021,Industrials,Electronic and Electrical Equipment,28438,37720,45170
Renishaw,2020,Industrials,Electronic and Electrical Equipment,27476,35619,51683
Rentokil,2024,Industrials,Support Services,25016,27321,34363
Rentokil,2021,Industrials,Support Services,21385,25894,34910
Rentokil,2020,Industrials,Support Services,19975,25343,36531
Rentokil,2019,Industrials,Support Services,20718,26347,38303
Rentokil,2023,Industrials,Support Services,21718,27111,37881
Rentokil,2022,Industrials,Support Services,23808,29109,41596
Restaurant Group,2022,Consumer Discretionary,Travel & Leisure,21880,24411,28491
Restaurant Group,2020,Consumer Discretionary,Travel & Leisure,22318,22648,25578
Rightmove,2021,Consumer Services,Media,26730,49386,72203
Rightmove,2020,Consumer Services,Media,29854,51155,73266
Rightmove,2019,Consumer Services,Media,30204,48433,66054
Rightmove,2023,Consumer Services,Media,33060,59481,85130
Rightmove,2022,Consumer Services,Media,30844,56394,81168
Rolls Royce,2024,Industrials,Aerospace and Defence,55219,63976,76643
Rolls Royce,2021,Industrials,Aerospace and Defence,44800,52000,63100
Rolls Royce,2020,Industrials,Aerospace and Defence,42700,50100,59400
Rolls Royce,2019,Industrials,Aerospace and Defence,48000,56000,65000
Rolls Royce,2023,Industrials,Aerospace and Defence,53545,62168,73618
Rolls Royce,2022,Industrials,Aerospace and Defence,51000,60000,70100
Rotork,2024,Industrials,Industrial Engineering,35000,44000,73000
Rotork,2023,Industrials,Industrial Engineering,37000,46000,64000
Rotork,2022,Industrials,Industrial Engineering,31000,34000,57000
Rotork,2021,Industrials,Industrial Engineering,32000,35000,48000
Rotork,2019,Industrials,Industrial Engineering,29000,33000,53000
Rotork,2020,Industrials,Industrial Engineering,30000,36000,48000
Royal Dutch Shell,2024,Oil and Gas,Oil and Gas Producers,103390,141334,216048
Royal Dutch Shell,2021,Oil and Gas,Oil and Gas Producers,65123,111912,170289
Royal Dutch Shell,2020,Oil and Gas,Oil and Gas Producers,55584,90972,136007
Royal Dutch Shell,2019,Oil and Gas,Oil and Gas Producers,59419,100755,161717
Royal Dutch Shell,2023,Oil and Gas,Oil and Gas Producers,99599,136066,205155
Royal Dutch Shell,2022,Oil and Gas,Oil and Gas Producers,72632,121847,192995
Royal Mail,2021,Industrials,Industrial Transportation,28668,32101,37776
Royal Mail,2022,Industrials,Industrial Transportation,28803,32465,38388
Royal Mail,2020,Industrials,Industrial Transportation,28064,30947,36221
RS Group,2022,Industrials,Industrial Goods and Services,22552,27770,46333
RS Group,2021,Industrials,Industrial Goods and Services,15666,17624,31653
RS Group,2024,Industrials,Industrial Goods and Services,27455,35284,59203
RS Group,2023,Industrials,Industrial Goods and Services,25349,32845,55134
RSA,2020,Financials,Non Life Insurance,23394,35161,59992
RSA,2019,Financials,Non Life Insurance,23152,33754,59663
Safestore Holdings,2024,Financials,Real Estate Investment Trusts,27626,30106,38934
Safestore Holdings,2023,Financials,Real Estate Investment Trusts,24866,27499,37270
Safestore Holdings,2022,Financials,Real Estate Investment Trusts,24031,26849,36939
Safestore Holdings,2021,Financials,Real Estate Investment Trusts,23502,26019,35686
Safestore Holdings,2020,Financials,Real Estate Investment Trusts,18500,24240,30852
Safestore Holdings,2019,Financials,Real Estate Investment Trusts,19067,20669,25029
Sage,2021,Technology,Software and Computer Services,35807,53304,79739
Sage,2020,Technology,Software and Computer Services,29865,45942,71524
Sage,2019,Technology,Software and Computer Services,26463,40385,66095
Sage,2023,Technology,Software and Computer Services,39536,58417,87553
Sage,2022,Technology,Software and Computer Services,38056,57421,85380
Sainsbury's,2025,Consumer Services,Food and Drug Retailers,23934,26552,26722
Sainsbury's,2022,Consumer Services,Food and Drug Retailers,18780,20680,21306
Sainsbury's,2021,Consumer Services,Food and Drug Retailers,19107,19107,21851
Sainsbury's,2020,Consumer Services,Food and Drug Retailers,18039,18039,20370
Sainsbury's,2024,Consumer Services,Food and Drug Retailers,21685,23160,24282
Sainsbury's,2023,Consumer Services,Food and Drug Retailers,19990,21635,22729
Sanne Group,2020,Financials,Investment Banking and Brokerage Services,36140,57487,94203
Sanne Group,2019,Financials,Investment Banking and Brokerage Services,33128,53614,83593
Savills Group,2024,Financials,Real Estate Investment and Services,26623,38135,66028
Savills Group,2023,Financials,Real Estate Investment and Services,25147,35881,63726
Savills Group,2022,Financials,Real Estate Investment and Services,21769,32757,60555
Savills Group,2021,Financials,Real Estate Investment and Services,24377,34378,62359
Savills Group,2020,Financials,Real Estate Investment and Services,20144,32001,60062
Savills Group,2019,Financials,Real Estate Investment and Services,27626,40981,73564
Schroders,2024,Financials,Investment Banking and Brokerage Services,69105,107218,173378
Schroders,2021,Financials,Investment Banking and Brokerage Services,63093,100761,173941
Schroders,2020,Financials,Investment Banking and Brokerage Services,57205,89541,150310
Schroders,2019,Financials,Investment Banking and Brokerage Services,55400,89743,154667
Schroders,2023,Financials,Investment Banking and Brokerage Services,66536,105779,169250
Schroders,2022,Financials,Investment Banking and Brokerage Services,63067,101409,167622
SDL,2019,Technology,Software and Computer Services,31509,44494,71646
Segro,2024,Real Estate,Real Estate Investment Trusts,76000,124000,182000
Segro,2023,Real Estate,Real Estate Investment Trusts,78000,123000,179000
Senior,2023,Industrials,Aerospace and Defence,27299,37659,47434
Senior,2022,Industrials,Aerospace and Defence,27392,31484,38692
Serco,2024,Industrials,Support Services,30415,32161,45674
Serco,2023,Industrials,Support Services,24340,32208,34356
Serco,2022,Industrials,Support Services,31117,34007,43301
Serco,2021,Industrials,Support Services,23816,28801,32992
Serco,2020,Industrials,Support Services,26611,33127,34709
Serco,2019,Industrials,Support Services,26066,30072,34420
Severn Trent,2025,Utilities,"Gas, Water and Multi-Utilities",38900,50900,61900
Severn Trent,2022,Utilities,"Gas, Water and Multi-Utilities",34000,43500,52400
Severn Trent,2021,Utilities,"Gas, Water and Multi-Utilities",30500,36600,50100
Severn Trent,2020,Utilities,"Gas, Water and Multi-Utilities",32700,42100,51300
Severn Trent,2024,Utilities,"Gas, Water and Multi-Utilities",37100,47800,58300
Severn Trent,2023,Utilities,"Gas, Water and Multi-Utilities",34200,43900,52900
Signature Aviation,2019,Industrials,Industrial Transportation,27932,37120,44980
Smith & Nephew,2024,Health Care,Health Care and Equipment Services,39220,55556,83839
Smith & Nephew,2021,Health Care,Health Care and Equipment Services,31778,46374,69763
Smith & Nephew,2020,Health Care,Health Care and Equipment Services,31481,45325,74310
Smith & Nephew,2019,Health Care,Health Care and Equipment Services,30400,43375,68614
Smith & Nephew,2023,Health Care,Health Care and Equipment Services,36375,51553,80862
Smith & Nephew,2022,Health Care,Health Care and Equipment Services,32794,48855,74799
Smiths (DS),2021,Industrials,General Industrials,28042,35384,42142
Smiths (DS),2020,Industrials,General Industrials,27244,32342,40349
Smiths (DS),2023,Industrials,General Industrials,31850,40288,41564
Smiths (DS),2022,Industrials,General Industrials,31877,42645,46215
Smiths Group,2021,Industrials,General Industrials,30754,42535,67845
Smiths Group,2020,Industrials,General Industrials,29391,41335,64101
Smiths Group,2023,Industrials,General Industrials,33452,46789,69392
Smiths Group,2022,Industrials,General Industrials,31375,47507,69420
Smiths Group,2024,Industrials,General Industrials,35678,53150,81555
Smurfitt Kappa,2021,Industrials,Industrial Goods and Services,35394,46379,64819
Softcat,2023,Technology,Software and Computer Services,25594,41929,77393
Softcat,2022,Technology,Software and Computer Services,28574,44594,79816
Softcat,2021,Technology,Software and Computer Services,29184,45347,81661
Softcat,2020,Technology,Software and Computer Services,30215,46300,83274
Spectris,2023,Industrials,Electronic and Electrical Equipment,32740,46688,64922
Spectris,2022,Industrials,Electronic and Electrical Equipment,33712,46440,66029
Spectris,2021,Industrials,Electronic and Electrical Equipment,31192,44611,63209
Spectris,2020,Industrials,Electronic and Electrical Equipment,29909,39531,56226
Spectris,2019,Industrials,Electronic and Electrical Equipment,28509,37789,54990
Spirax Sarco,2024,Industrials,Industrial Engineering,38000,44000,70000
Spirax Sarco,2021,Industrials,Industrial Engineering,29839,40014,54043
Spirax Sarco,2020,Industrials,Industrial Engineering,29286,33707,48964
Spirax Sarco,2019,Industrials,Industrial Engineering,25391,37503,60618
Spirax Sarco,2023,Industrials,Industrial Engineering,35313,41510,64611
Spirax Sarco,2022,Industrials,Industrial Engineering,33622,47416,60250
Spire Healthcare,2023,Health Care,Health Care Providers,24911,32876,48223
Spire Healthcare,2022,Health Care,Health Care Providers,23800,32810,47281
Spire Healthcare,2021,Health Care,Health Care Providers,19285,23529,44503
Spirent Communications,2023,Telecommunications,Telecommunications Equipment,36000,57919,91464
Spirent Communications,2022,Telecommunications,Telecommunications Equipment,44290,65605,102431
Spirent Communications,2021,Telecommunications,Telecommunications Equipment,46758,67513,114830
Spirent Communications,2020,Telecommunications,Telecommunications Equipment,37081,58484,102506
Spirent Communications,2019,Telecommunications,Telecommunications Equipment,34979,47063,106327
SSE,2025,Utilities,Electricity,40000,57000,75000
SSE,2022,Utilities,Electricity,33046,43793,61195
SSE,2021,Utilities,Electricity,32268,42295,59454
SSE,2020,Utilities,Electricity,29234,40908,54863
SSE,2023,Utilities,Electricity,34881,47864,65199
SSP Group,2024,Consumer Services,Travel & Leisure,23489,29919,32400
SSP Group,2023,Consumer Services,Travel & Leisure,23613,30356,31868
SSP Group,2022,Consumer Services,Travel & Leisure,26435,37465,36824
SSP Group,2021,Consumer Services,Travel & Leisure,21525,25832,35709
SSP Group,2020,Consumer Services,Travel & Leisure,15203,15573,22461
St James's Place,2021,Financials,Investment Banking and Brokerage Services,41622,57324,61426
St James's Place,2021,Financials,Investment Banking and Brokerage Services,37317,58307,104252
St James's Place,2020,Financials,Investment Banking and Brokerage Services,31806,50000,77876
St James's Place,2019,Financials,Investment Banking and Brokerage Services,34437,53936,88595
St James's Place,2024,Financials,Investment Banking and Brokerage Services,46597,63671,94654
St James's Place,2023,Financials,Investment Banking and Brokerage Services,40828,59600,105450
St James's Place,2022,Financials,Investment Banking and Brokerage Services,41622,57324,102845
St Modwen Properties,2019,Financials,Real Estate Investment and Services,30957,51470,80096
Standard Chartered,2021,Financials,Banks,92000,139000,215000
Standard Chartered,2020,Financials,Banks,84000,128000,199000
Standard Chartered,2019,Financials,Banks,83000,128000,212000
Standard Chartered,2024,Financials,Banks,113000,164000,247000
Standard Chartered,2023,Financials,Banks,110000,162000,247000
Standard Chartered,2022,Financials,Banks,95000,145000,228000
Standard Life Aberdeen,2021,Financials,Investment Banking and Brokerage Services,45000,62000,113000
Standard Life Aberdeen,2020,Financials,Investment Banking and Brokerage Services,38000,61000,102000
Standard Life Aberdeen,2019,Financials,Investment Banking and Brokerage Services,44000,64000,117000
SThree,2023,Industrials,Industrial Goods and Services,28346,45255,75873
SThree,2022,Industrials,Industrial Goods and Services,23281,42104,68558
Synthomer,2022,Basic Materials,Chemicals,40400,46029,63683
Synthomer,2021,Basic Materials,Chemicals,42277,52342,72622
Synthomer,2020,Basic Materials,Chemicals,42030,55854,70401
Synthomer,2019,Basic Materials,Chemicals,36069,45012,62619
TalkTalk Group,2021,Telecommunications,Telecommunications Service Providers,29155,42400,61480
TalkTalk Group,2020,Telecommunications,Telecommunications Service Providers,35567,50810,76214
Tate & Lyle,2024,Consumer Goods,Food Producers,39051,88839,149770
Tate & Lyle,2023,Consumer Goods,Food Producers,45132,91447,156187
Tate & Lyle,2022,Consumer Goods,Food Producers,48748,97860,175464
Tate & Lyle,2021,Consumer Goods,Food Producers,45921,88780,154671
Tate & Lyle,2020,Consumer Goods,Food Producers,46064,93677,201522
Taylor Wimpey,2024,Consumer Goods,Household Goods and Home Construction,37820,52072,77723
Taylor Wimpey,2021,Consumer Goods,Household Goods and Home Construction,31651,46455,69721
Taylor Wimpey,2020,Consumer Goods,Household Goods and Home Construction,28389,42492,56844
Taylor Wimpey,2019,Consumer Goods,Household Goods and Home Construction,32342,41483,62418
Taylor Wimpey,2023,Consumer Goods,Household Goods and Home Construction,32355,52296,68305
Taylor Wimpey,2022,Consumer Goods,Household Goods and Home Construction,34130,51838,81411
Telecom Plus,2025,Telecommunications,Telecommunications,28090,32839,46433
Telecom Plus,2023,Telecommunications,Telecommunications,23223,27186,37313
Telecom Plus,2023,Telecommunications,Telecommunications,24565,28532,35829
Telecom Plus,2022,Telecommunications,Telecommunications,15305,27752,35029
Telecom Plus,2021,Telecommunications,Telecommunications,19300,27700,35000
Telecom Plus,2020,Telecommunications,Telecommunications Service Providers,15632,27000,37125
Tesco,2025,Consumer Services,Food and Drug Retailers,22452,24731,28358
Tesco,2022,Consumer Services,Food and Drug Retailers,18912,21217,21937
Tesco,2021,Consumer Services,Food and Drug Retailers,19362,22239,22724
Tesco,2020,Consumer Services,Food and Drug Retailers,18086,21057,23046
Tesco,2024,Consumer Services,Food and Drug Retailers,22180,23010,25583
Tesco,2023,Consumer Services,Food and Drug Retailers,19196,22533,24374
TI Fluid Systems,2023,Industrials,Automobiles and Parts,32000,40000,72000
TI Fluid Systems,2022,Industrials,Automobiles and Parts,25795,31814,55890
TI Fluid Systems,2021,Industrials,Automobiles and Parts,21836,30234,52070
TI Fluid Systems,2020,Industrials,Automobiles and Parts,23000,39000,60000
TI Fluid Systems,2019,Industrials,Automobiles and Parts,26455,31746,52910
TP ICAP,2023,Financials,Investment Banking and Brokerage Services,65189,117661,221336
TP ICAP,2022,Financials,Investment Banking and Brokerage Services,61938,111537,210167
TP ICAP,2021,Financials,Investment Banking and Brokerage Services,58448,106055,209029
TP ICAP,2020,Financials,Investment Banking and Brokerage Services,57128,107115,233703
TP ICAP,2019,Financials,Investment Banking and Brokerage Services,57064,109716,230554
Trainline,2024,Consumer Services,Travel & Leisure,47000,81000,97000
Trainline,2023,Consumer Services,Travel & Leisure,45000,75000,98000
Trainline,2022,Consumer Services,Travel & Leisure,38000,71000,92000
Trainline,2021,Consumer Services,Travel & Leisure,41000,70000,93000
Trainline,2020,Consumer Services,Travel & Leisure,29000,47000,64000
Travis Perkins,2024,Industrials,Support Services,27019,30144,35841
Travis Perkins,2023,Industrials,Support Services,24372,28035,34349
Travis Perkins,2022,Industrials,Support Services,23169,26506,32830
Travis Perkins,2021,Industrials,Support Services,21617,26462,33116
Travis Perkins,2020,Industrials,Support Services,19019,23097,30166
Travis Perkins,2019,Industrials,Support Services,19760,24154,32332
Trustpilot,2024,Consumer Services,Support Services,51335,78976,122414
Trustpilot,2023,Consumer Services,Support Services,64374,83200,97080
Tullow Oil,2022,Oil and Gas,Oil and Gas Producers,119884,183913,249639
Tullow Oil,2021,Oil and Gas,Oil and Gas Producers,118182,181098,244252
Tyman,2023,Industrials,Construction & Materials,25720,30860,44100
Tyman,2021,Industrials,Construction & Materials,19897,23524,36451
Ultra Electronics,2021,Industrials,Aerospace and Defence,29060,43374,60814
Ultra Electronics,2020,Industrials,Aerospace and Defence,30915,4416,60963
Ultra Electronics,2019,Industrials,Aerospace and Defence,29549,43151,59500
Unilever,2024,Consumer Goods,Personal Goods,53620,66215,100517
Unilever,2021,Consumer Goods,Personal Goods,48229,60306,90335
Unilever,2020,Consumer Goods,Personal Goods,45713,55751,80670
Unilever,2019,Consumer Goods,Personal Goods,50689,61086,87982
Unilever,2023,Consumer Goods,Personal Goods,52551,65305,103527
Unilever,2022,Consumer Goods,Personal Goods,49868,61553,93612
Unite Group,2024,Consumer Goods,Personal Goods,26600,29800,40000
Unite Group,2023,Consumer Goods,Personal Goods,24700,32500,36600
Unite Group,2022,Consumer Goods,Personal Goods,22400,25900,37700
Unite Group,2021,Financials,Real Estate Investment Trusts,24400,25300,32800
Unite Group,2020,Financials,Real Estate Investment Trusts,21200,24600,32000
Unite Group,2019,Financials,Real Estate Investment Trusts,20620,24414,33459
United Utilities,2025,Utilities,"Gas, Water and Multi-Utilities",41000,55000,69000
United Utilities,2022,Utilities,"Gas, Water and Multi-Utilities",35000,46000,59000
United Utilities,2021,Utilities,"Gas, Water and Multi-Utilities",34000,46000,58000
United Utilities,2020,Utilities,"Gas, Water and Multi-Utilities",33000,44000,56000
United Utilities,2024,Utilities,"Gas, Water and Multi-Utilities",39000,53000,66000
United Utilities,2023,Utilities,"Gas, Water and Multi-Utilities",37000,49000,61000
Vanquis Banking,2022,Financials,Financial Services,25900,36000,65000
Vectura,2020,Health Care,Pharmaceuticals and Biotechnology,40241,56801,89607
Vectura,2019,Health Care,Pharmaceuticals and Biotechnology,39815,55161,87891
Vesuvius,2023,Industrials,Industrial Engineering,41367,53938,108893
Vesuvius,2022,Industrials,Industrial Engineering,36030,47013,84926
Vesuvius,2021,Industrials,Industrial Engineering,33216,43233,82829
Vesuvius,2020,Industrials,Industrial Engineering,37119,45000,75293
Vesuvius,2019,Industrials,Industrial Engineering,37119,45000,75293
Victrex,2023,Basic Materials,Chemicals,47804,54269,66755
Victrex,2022,Basic Materials,Chemicals,45336,52561,64250
Victrex,2021,Basic Materials,Chemicals,46836,53804,66765
Victrex,2020,Basic Materials,Chemicals,43520,49828,63556
Victrex,2019,Basic Materials,Chemicals,42864,48002,60799
Videndum,2022,Industrials,Industrial Engineering,29804,42020,69610
Videndum,2021,Industrials,Industrial Engineering,26361,37726,58866
Virgin Money,2023,Financials,Banks,29118,40254,63629
Virgin Money,2022,Financials,Banks,28626,38546,61013
Virgin Money,2021,Financials,Banks,25851,35627,59006
Virgin Money,2020,Financials,Banks,24047,31892,52329
Vistry Group,2023,Consumer Goods,Household Goods and Home Construction,36722,54613,79944
Vistry Group,2022,Consumer Goods,Household Goods and Home Construction,26743,45740,72111
Vistry Group,2021,Consumer Goods,Household Goods and Home Construction,33757,52511,73844
Vistry Group,2020,Consumer Goods,Household Goods and Home Construction,30000,43883,65586
Vistry Group,2019,Consumer Goods,Household Goods and Home Construction,36091,49792,64500
Vodafone,2025,Telecommunications,Telecommunications Service Providers,47000,75700,90500
Vodafone,2022,Telecommunications,Telecommunications Service Providers,36900,57500,87200
Vodafone,2021,Telecommunications,Telecommunications Service Providers,33500,41000,85300
Vodafone,2020,Telecommunications,Telecommunications Service Providers,31300,51100,78600
Vodafone,2024,Telecommunications,Telecommunications Service Providers,41300,63700,88500
Vodafone,2023,Telecommunications,Telecommunications Service Providers,34600,70500,92800
Volution Group,2024,Industrials,Construction & Materials,24332,25888,45556
Volution Group,2023,Industrials,Construction & Materials,23870,27185,50552
Volution Group,2022,Industrials,Construction & Materials,20157,22255,31612
Volution Group,2021,Industrials,Construction & Materials,18710,22000,30450
Watches of Switzerland,2023,Consumer Services,General Retailers,23100,26900,36200
Watches of Switzerland,2022,Consumer Services,General Retailers,22000,26100,35500
Watches of Switzerland,2021,Consumer Services,General Retailers,20100,23900,33100
Watches of Switzerland,2020,Consumer Services,General Retailers,20500,24900,36300
Weir Group,2024,Industrials,Industrial Engineering,41601,54502,84513
Weir Group,2023,Industrials,Industrial Engineering,40042,49045,71369
Weir Group,2022,Industrials,Industrial Engineering,37457,47845,64254
Weir Group,2021,Industrials,Industrial Engineering,33250,42070,58069
Weir Group,2020,Industrials,Industrial Engineering,32772,40093,52671
Weir Group,2019,Industrials,Industrial Engineering,30977,39772,51374
Wetherspoons,2022,Consumer Services,Travel & Leisure,21638,22599,33899
Wetherspoons,2021,Consumer Services,Travel & Leisure,19829,20325,21395
Wetherspoons,2020,Consumer Services,Travel & Leisure,14760,23063,27333
WH Smith,2023,Consumer Services,General Retailers,21598,21598,27030
WH Smith,2022,Consumer Services,General Retailers,18850,18910,25011
WH Smith,2021,Consumer Services,General Retailers,16795,16795,22950
WH Smith,2020,Consumer Services,General Retailers,17684,18203,23016
WH Smith,2019,Consumer Services,General Retailers,14276,16502,17034
Whitbread,2025,Consumer Services,Travel & Leisure,24427,25236,27068
Whitbread,2022,Consumer Services,Travel & Leisure,19659,20592,22153
Whitbread,2021,Consumer Services,Travel & Leisure,18682,19539,20824
Whitbread,2020,Consumer Services,Travel & Leisure,17597,18429,19739
Whitbread,2024,Consumer Services,Travel & Leisure,22450,23421,25350
Whitbread,2023,Consumer Services,Travel & Leisure,21326,22224,23938
William Hill,2020,Consumer Services,Travel & Leisure,17162,19216,21075
William Hill,2019,Consumer Services,Travel & Leisure,16268,19265,20918
Wizz Air,2024,Consumer Services,Travel & Leisure,24423,29575,52104
Wizz Air,2023,Consumer Services,Travel & Leisure,25688,31339,50055
Wizz Air,2022,Consumer Services,Travel & Leisure,20906,28472,58927
Wizz Air,2021,Consumer Services,Travel & Leisure,21760,27978,47744
Wood Group,2023,Oil and Gas,Oil Equipment and Services,52000,75000,99000
Wood Group,2022,Oil and Gas,Oil Equipment and Services,47000,68000,93000
Wood Group,2021,Oil and Gas,Oil Equipment and Services,45000,68000,86000
Wood Group,2020,Oil and Gas,Oil Equipment and Services,42000,66000,80000
Wood Group,2019,Oil and Gas,Oil Equipment and Services,35000,46000,68000
Workspace,2024,Real Estate,Real Estate Investment Trusts,37750,51498,82463
Workspace,2023,Real Estate,Real Estate Investment Trusts,33286,48886,73350
WPP,2024,Consumer Services,Media,40831,71587,105638
WPP,2021,Consumer Services,Media,37606,48293,68585
WPP,2020,Consumer Services,Media,31800,46800,73840
WPP,2019,Consumer Services,Media,32636,46975,77416
WPP,2023,Consumer Services,Media,41587,64234,92627
WPP,2022,Consumer Services,Media,43417,56460,82551
XP Power,2021,Industrials,Electronic and Electrical Equipment,32801,53138,87833
XP Power,2020,Industrials,Electronic and Electrical Equipment,26924,43210,74903
XP Power,2019,Industrials,Electronic and Electrical Equipment,28813,46100,76833
Zigup,2023,Industrials,Industrial Transportation,24000,29000,41000
